spp,lon,lat
Lc,-86.15099,42.91533
Lc,-88.04889,41.81339
Lc,-90.76718,43.44458
Lc,-69.01404,44.5438
Lc,-84.33641,34.0713
Lc,-87.3207,36.15885
Lc,-77.19058,40.22125
Lc,-77.6186,39.12329
Lc,-84.28532,33.46602
Lc,-88.01153,42.53323
Lc,-79.15401,35.61629
Lc,-75.01608,40.0255
Lc,-83.70024,42.09007
Lc,-90.62731,45.52646
Lc,-78.97795,35.95099
Lc,-78.53557,35.79122
Lc,-72.63657,41.85306
Lc,-72.19691,41.79124
Lc,-79.73098,43.4559
Lc,-89.31653,46.86796
Lc,-80.27105,43.57106
Lc,-81.81615,42.64192
Lc,-79.47197,44.01785
Lc,-87.79812,43.49645
Lc,-82.95188,41.31393
Lc,-76.62348,38.76189
Lc,-80.65507,38.86767
Lc,-77.56618,39.50488
Lc,-84.32091,33.80427
Lc,-78.5607,40.67265
Lc,-88.31785,45.42621
Lc,-93.11445,45.11205
Lc,-93.11486,45.02217
Lc,-91.44963,44.80659
Lc,-73.25772,45.39051
Lc,-70.90295,42.25503
Lc,-86.6752,33.624
Lc,-84.54266,33.83987
Lc,-78.98112,36.05504
Lc,-78.12276,38.27989
Lc,-74.62171,40.79866
Lc,-78.8388,36.13378
Lc,-90.21596,31.49672
Lc,-75.75405,40.28094
Lc,-89.04107,42.57288
Lc,-75.23243,40.49471
Lc,-78.75888,35.71884
Lc,-122.8235,45.87139
Lc,-77.15166,38.97631
Lc,-70.96436,43.1317
Lc,-73.32919,42.12679
Lc,-76.90795,40.0742
Lc,-82.72852,42.02969
Lc,-78.04594,44.29835
Lc,-78.15668,44.15429
Lc,-98.10937,42.36273
Lc,-72.25416,43.78489
Lc,-75.75626,40.1884
Lc,-80.12308,43.29317
Lc,-82.86953,42.00301
Lc,-78.7607,43.8721
Lc,-95.38427,44.76382
Lc,-92.82495,45.60667
Lc,-64.39572,45.1414
Lc,-74.46449,45.04243
Lc,-76.1204,43.91314
Lc,-103.51017,45.84303
Lc,-83.68069,41.23795
Lc,-93.21702,45.18379
Lc,-76.73579,39.06148
Lc,-81.65669,39.34858
Lc,-83.81266,40.06136
Lc,-87.65313,41.90819
Lc,-77.04825,40.9254
Lc,-92.32079,44.8022
Lc,-90.9824,45.82462
Lc,-95.89365,39.91126
Lc,-83.6151,41.15922
Lc,-88.32127,42.19692
Lc,-82.53026,35.80064
Lc,-76.83986,39.14535
Lc,-77.67355,38.81667
Lc,-105.21074,40.04954
Lc,-83.99726,39.88166
Lc,-77.80571,38.67201
Lc,-88.65477,37.5172
Lc,-87.74304,41.9815
Lc,-77.03175,39.02179
Lc,-82.4028,41.02458
Lc,-77.27168,39.04427
Lc,-76.54971,40.48423
Lc,-75.07594,40.14032
Lc,-75.98328,42.64477
Lc,-88.96339,38.02686
Lc,-81.55902,40.10275
Lc,-88.55582,41.60692
Lc,-87.78099,42.10677
Lc,-88.2573,42.01517
Lc,-92.3728,38.92947
Lc,-70.9167,42.87017
Lc,-76.92892,39.77052
Lc,-86.47289,34.6441
Lc,-78.08985,38.83727
Lc,-72.80161,41.29474
Lc,-77.71105,38.61122
Lc,-85.89839,32.78418
Lc,-87.29889,35.31757
Lc,-87.511,35.36291
Lc,-74.28462,40.76762
Lc,-77.9117,38.85133
Lc,-78.13641,39.43385
Lc,-77.65551,38.69278
Lc,-71.42826,42.34124
Lc,-78.53851,37.94762
Lc,-79.70566,39.16489
Lc,-77.34098,38.87158
Lc,-77.81177,39.15165
Lc,-75.78859,38.98858
Lc,-73.03542,41.35928
Lc,-77.56212,39.26085
Lc,-88.17867,34.93472
Lc,-79.54329,37.72666
Lc,-75.94628,38.91738
Lc,-84.20251,36.61119
Lc,-79.84014,36.09006
Lc,-84.13975,42.42705
Lc,-77.3312,38.36293
Lc,-78.45332,38.02896
Lc,-79.08821,36.00061
Lc,-78.20361,38.87198
Lc,-89.95198,43.33805
Lc,-85.3205,34.78322
Lc,-72.08948,42.27025
Lc,-88.33692,41.924
Lc,-76.98199,39.16763
Lc,-75.6022,40.09517
Lc,-86.86171,39.47447
Lc,-77.12387,40.06117
Lc,-77.24057,45.77045
Lc,-95.96355,41.2704
Lc,-75.77763,41.3142
Lc,-80.8152,35.78541
Lc,-87.27116,35.46599
Lc,-78.34596,38.18152
Lc,-84.00005,41.57552
Lc,-91.69384,41.97224
Lc,-87.71504,41.61994
Lc,-77.20736,38.85555
Lc,-84.94896,30.57766
Lc,-88.14974,42.21889
Lc,-86.50269,39.73454
Lc,-73.85508,45.55734
Lc,-77.41367,39.80303
Lc,-87.34286,44.83385
Lc,-81.89741,43.21885
Lc,-73.36876,43.62529
Lc,-81.49234,44.41198
Lc,-75.3368,45.51137
Lc,-92.97511,44.74966
Lc,-93.26676,41.5558
Lc,-86.82506,45.77974
Lc,-87.32024,46.46533
Lc,-93.4951,44.9862
Lc,-66.50332,45.86526
Lc,-92.29857,47.88588
Lc,-77.50487,41.11361
Lc,-92.15861,47.8875
Lc,-73.00898,42.06311
Lc,-73.47543,42.47199
Lc,-89.2785,46.52866
Lc,-76.8847,43.93452
Lc,-76.61022,44.23581
Lc,-81.28313,43.04874
Lc,-104.65331,39.27968
Lc,-93.13116,44.78745
Lc,-73.11658,43.09022
Lc,-75.6785,45.28748
Lc,-76.52263,44.57167
Lc,-81.12698,42.8528
Lc,-73.23499,44.62818
Lc,-92.30674,43.74287
Lc,-73.99745,44.24485
Lc,-75.85916,45.28447
Lc,-74.91682,41.00098
Lc,-88.76022,41.935
Lc,-82.23229,41.27167
Lc,-82.65214,36.04414
Lc,-72.97955,42.6794
Lc,-73.35247,41.98424
Lc,-77.9987,38.95477
Lc,-72.57058,46.31105
Lc,-73.27931,44.06042
Lc,-77.67498,43.23259
Lc,-92.9261,44.45147
Lc,-88.39835,45.98068
Lc,-78.59785,43.89603
Lc,-86.89609,46.09641
Lc,-77.18739,42.16166
Lc,-68.78047,44.5791
Lc,-73.64465,43.56104
Lc,-75.46869,40.85375
Lc,-82.22124,35.82698
Lc,-73.21119,42.07036
Lc,-77.87547,39.8363
Lc,-95.94966,46.42724
Lc,-93.99972,48.48667
Lc,-93.27005,47.00247
Lc,-92.85628,45.04224
Lc,-91.13313,47.41105
Lc,-75.22895,40.0824
Lc,-84.04404,42.33635
Lc,-73.65699,42.67097
Lc,-83.79072,41.63971
Lc,-74.01087,40.87297
Lc,-72.40004,42.39058
Lc,-72.77403,43.55952
Lc,-74.01104,42.65562
Lc,-85.49918,43.79109
Lc,-84.22607,36.33089
Lc,-94.83924,48.86386
Lc,-64.89239,45.41419
Lc,-105.34729,42.39351
Lc,-92.19129,48.14547
Lc,-81.61716,42.96516
Lc,-81.46293,43.18121
Lc,-90.8739,37.7121
Lc,-70.49164,43.49806
Lc,-73.19298,42.18714
Lc,-89.78674,38.3769
Lc,-81.85156,41.04132
Lc,-73.24094,44.40652
Lc,-88.26685,45.99059
Lc,-73.07121,43.77877
Lc,-82.97605,40.61651
Lc,-70.64339,43.74888
Lc,-75.61784,40.65637
Lc,-74.85627,40.57904
Lc,-104.83106,38.7578
Lc,-73.78554,43.49593
Lc,-77.68995,44.43976
Lc,-78.30224,44.29743
Lc,-74.67265,41.30286
Lc,-72.53647,43.08228
Lc,-74.5881,45.01179
Lc,-98.80634,51.43938
Lc,-73.07934,45.02318
Lc,-82.96263,42.34529
Lc,-75.72072,44.95046
Lc,-114.71869,47.34515
Lc,-91.20409,44.33349
Lc,-72.89329,42.56679
Lc,-96.28761,50.09674
Lc,-63.21883,44.99448
Lc,-89.23409,48.4496
Lc,-87.8729,42.64607
Lc,-80.3078,43.12682
Lc,-89.3017,43.11893
Lc,-87.54486,44.3273
Lc,-74.93306,46.48918
Lc,-77.00634,39.65977
Lc,-106.4908,51.03869
Lc,-88.8659,42.10351
Lc,-94.2191,45.72229
Lc,-92.62465,47.31394
Lc,-72.56992,43.58446
Lc,-74.44644,45.55342
Lc,-97.06363,49.93522
Lc,-96.36027,49.52787
Lc,-75.70534,44.62585
Lc,-114.16284,50.9921
Lc,-76.77039,39.22025
Lc,-86.24865,41.6905
Lc,-112.52812,52.5758
Lc,-71.36144,46.62537
Lc,-81.65966,41.10525
Lc,-65.64912,47.60333
Lc,-96.46379,50.01935
Lc,-76.73365,39.46477
Lc,-78.9,42.7
Lc,-83.6356,41.04371
Lc,-79.73261,38.9312
Lc,-76.8445,44.42468
Lc,-76.16606,42.24137
Lc,-100.82992,46.82616
Lc,-90.98432,43.51841
Lc,-74.45318,42.12704
Lc,-91.53878,41.74625
Lc,-100.52595,49.48388
Lc,-72.9175,43.72311
Lc,-96.92322,50.0113
Lc,-77.59799,44.21597
Lc,-72.29623,43.0393
Lc,-78.0239,43.09346
Lc,-81.79398,43.27805
Lc,-72.66039,43.92453
Lc,-72.41869,44.63959
Lc,-85.21718,42.27683
Lc,-81.35767,42.95918
Lc,-75.37178,41.59186
Lc,-77.38599,43.07099
Lc,-69.06959,44.36415
Lc,-88.99164,42.2047
Lc,-81.85374,40.86291
Lc,-75.82433,42.89099
Lc,-75.6936,45.43908
Lc,-73.01452,42.24248
Lc,-82.80062,39.93461
Lc,-86.33986,42.07296
Lc,-72.15573,42.54706
Lc,-75.34501,41.84875
Lc,-87.01644,41.61558
Lc,-91.23832,41.72552
Lc,-73.51753,42.01842
Lc,-79.34976,42.13629
Lc,-66.69292,45.90312
Lc,-73.71032,41.46799
Lc,-65.83108,45.52772
Lc,-81.83563,41.46777
Lc,-81.04757,42.70923
Lc,-71.98982,42.90283
Lc,-74.62938,40.37505
Lc,-73.51048,43.67425
Lc,-92.18724,47.41063
Lc,-83.49241,42.72265
Lc,-75.50811,45.46425
Lc,-74.44143,43.97635
Lc,-93.20871,44.71622
Lc,-92.74904,45.12143
Lc,-72.06287,45.27119
Lc,-95.21457,38.93371
Lc,-104.7649,39.33902
Lc,-88.33441,42.87288
Lc,-86.83083,41.75008
Lc,-82.9342,40.32616
Lc,-80.21462,40.9164
Lc,-81.96927,40.68238
Lc,-90.27258,42.43088
Lc,-81.41892,43.73566
Lc,-83.71822,40.12141
Lc,-92.41412,46.53203
Lc,-90.04765,43.14886
Lc,-75.053,42.51809
Lc,-76.38501,42.32327
Lc,-79.96354,43.71319
Lc,-85.39173,42.62027
Lc,-79.91274,43.42626
Lc,-75.93002,45.38962
Lc,-82.66715,35.34937
Lc,-72.52087,42.30472
Lc,-72.84268,44.42129
Lc,-100.05833,51.01139
Lc,-80.75123,41.24855
Lc,-80.84315,44.06886
Lc,-97.21855,45.7457
Lc,-96.0303,50.1128
Lc,-76.53537,44.15711
Lc,-81.41759,41.42753
Lc,-95.73936,39.4619
Lc,-89.80688,43.10716
Lc,-116.91407,48.18384
Lc,-80.58534,40.38854
Lc,-97.45532,45.7065
Lc,-73.06677,42.52852
Lc,-85.24084,39.10139
Lc,-81.04238,41.33031
Lc,-63.84947,45.74351
Lc,-74.36337,42.03577
Lc,-83.42917,42.18565
Lc,-79.30046,41.85081
Lc,-74.1786,41.09152
Lc,-85.43047,38.75658
Lc,-73.24003,44.49895
Lc,-76.28367,39.43917
Lc,-94.05853,48.64172
Lc,-91.16626,46.29003
Lc,-75.30459,40.36163
Lc,-80.09611,40.93917
Lc,-92.63661,45.92325
Lc,-89.73607,44.33087
Lc,-84.2167,38.55622
Lc,-80.8078,40.47334
Lc,-76.77642,39.69924
Lc,-85.99239,42.78702
Lc,-66.1905,45.34229
Lc,-87.88134,43.08073
Lc,-89.44405,43.23396
Lc,-74.87127,41.87898
Lc,-73.19536,41.71491
Lc,-72.13056,43.76781
Lc,-73.67764,41.91798
Lc,-82.28488,39.83916
Lc,-110.85671,34.2805
Lc,-70.30388,43.62483
Lc,-93.15004,46.83796
Lc,-73.38306,40.7195
Lc,-77.58417,44.09337
Lc,-83.80628,44.52397
Lc,-81.97201,41.00158
Lc,-83.98897,40.97407
Lc,-71.23725,43.18571
Lc,-83.20799,35.34246
Lc,-89.0223,42.68683
Lc,-74.8324,41.3035
Lc,-83.45898,40.15584
Lc,-85.911,41.63454
Lc,-71.62895,42.49118
Lc,-82.44637,42.09152
Lc,-80.98996,44.2802
Lc,-99.99889,50.80194
Lc,-89.50973,43.08536
Lc,-75.218,41.05791
Lc,-81.617,44.17382
Lc,-85.36517,43.52567
Lc,-81.40672,40.56031
Lc,-82.96283,40.16755
Lc,-93.29197,46.53812
Lc,-78.76297,44.41359
Lc,-73.91523,45.74071
Lc,-74.01965,45.99573
Lc,-75.02319,42.04017
Lc,-80.72329,43.97884
Lc,-82.57763,40.50384
Lc,-72.90438,43.838
Lc,-74.31011,41.14806
Lc,-72.88517,42.45696
Lc,-87.26145,41.54439
Lc,-82.29296,37.30159
Lc,-86.0529,38.28791
Lc,-78.46297,39.64101
Lc,-83.11189,40.1233
Lc,-79.60241,38.74362
Lc,-73.51019,42.17121
Lc,-112.02068,43.76513
Lc,-73.59656,42.28454
Lc,-92.68399,45.40778
Lc,-96.54281,50.68715
Lc,-72.68272,42.39453
Lc,-76.97178,41.25697
Lc,-73.71312,43.23422
Lc,-75.89173,40.49727
Lc,-75.2931,40.78368
Lc,-72.7852,42.13535
Lc,-110.31463,49.65895
Lc,-83.24526,42.52392
Lc,-71.04885,42.74761
Lc,-70.96499,44.13547
Lc,-72.63106,42.79263
Lc,-71.26818,42.31532
Lc,-71.4528,42.43653
Lc,-71.7254,42.61705
Lc,-64.55231,44.42295
Lc,-77.04697,38.76976
Lc,-84.21792,39.45418
Lc,-72.46731,42.74057
Lc,-123.58088,49.40416
Lc,-113.40381,49.73171
Lc,-106.61134,51.11551
Lc,-74.96918,41.3911
Lc,-80.5613,42.63357
Lc,-80.13793,38.30942
Lc,-71.00432,46.98566
Lc,-72.50605,45.34179
Lc,-74.776,44.74497
Lc,-88.31928,42.29639
Lc,-88.35575,42.67191
Lc,-71.91448,42.11958
Lc,-89.42585,44.49013
Lc,-89.55751,42.9945
Lc,-73.71209,45.56793
Lc,-79.14748,46.22989
Lc,-122.51919,47.21104
Lc,-122.45258,48.74359
Lc,-95.7676,41.09725
Lc,-75.26001,45.14557
Lc,-86.2772,43.95516
Lc,-90.62222,43.83402
Lc,-73.27777,41.32459
Lc,-74.07671,42.76479
Lc,-81.40798,40.87682
Lc,-77.0277,41.80333
Lc,-85.66245,43.01957
Lc,-122.84153,45.34823
Lc,-90.71012,42.85121
Lc,-123.21903,44.60204
Lc,-71.8562,42.23339
Lc,-92.82137,44.91283
Lc,-93.21077,36.93572
Lc,-79.06125,42.9417
Lc,-73.60124,45.74716
Lc,-66.96114,45.88717
Lc,-72.60104,42.50648
Lc,-78.49259,42.30281
Lc,-73.3158,45.53595
Lc,-73.91967,41.81086
Lc,-82.0487,35.85724
Lc,-71.51816,41.67017
Lc,-73.80521,42.90712
Lc,-71.59744,46.66024
Lc,-73.29988,45.8189
Lc,-120.63311,46.59956
Lc,-73.88492,45.83879
Lc,-74.03342,45.88289
Lc,-72.80022,46.30506
Lc,-72.33375,45.21508
Lc,-73.60186,45.61851
Lc,-76.99677,40.26704
Lc,-73.46816,45.77347
Lc,-90.90075,46.57809
Lc,-76.62516,40.22882
Lc,-122.16476,47.46851
Lc,-78.91325,42.44411
Lc,-83.1535,40.80436
Lc,-72.75498,43.04436
Lc,-79.39929,43.83542
Lc,-72.86709,43.92847
Lc,-73.94429,41.59496
Lc,-72.13211,43.0833
Lc,-89.90268,42.991
Lc,-81.71446,41.21733
Lc,-85.68025,40.10532
Lc,-72.2495,43.41125
Lc,-89.59287,48.00428
Lc,-65.34006,45.72167
Lc,-97.92294,50.35609
Lc,-64.0051,45.01876
Lc,-66.5789,46.00664
Lc,-73.77108,45.65529
Lc,-83.8394,41.5412
Lc,-79.91014,43.26667
Lc,-113.49145,49.00452
Lc,-73.067,44.82698
Lc,-72.92487,41.79497
Lc,-78.40419,37.94266
Lc,-81.69899,43.67052
Lc,-73.86548,42.20176
Lc,-119.03409,50.72404
Lc,-93.87636,44.95632
Lc,-71.49684,42.54779
Lc,-86.67282,45.85534
Lc,-83.87422,42.55201
Lc,-73.50396,42.56775
Lc,-112.85876,53.6716
Lc,-71.869,43.04366
Lc,-81.39684,36.5015
Lc,-82.37408,35.70413
Lc,-81.17844,41.42459
Lc,-68.7698,44.80509
Lc,-71.0367,46.44731
Lc,-71.53115,43.20937
Lc,-113.954,53.31838
Lc,-95.49659,38.90357
Lc,-71.74169,46.89894
Lc,-72.27721,42.34658
Lc,-89.39943,46.63787
Lc,-103.67573,44.30184
Lc,-81.94124,36.49503
Lc,-74.08107,41.84431
Lc,-72.09252,46.68864
Lc,-93.08493,44.68812
Lc,-77.98045,40.81953
Lc,-74.11373,43.56673
Lc,-73.77898,42.32189
Lc,-71.56098,43.30293
Lc,-88.04897,40.11352
Lc,-107.62015,53.28517
Lc,-89.63258,44.95813
Lc,-79.3537,38.96322
Lc,-84.51518,39.34981
Lc,-82.74724,39.38287
Lc,-64.48902,45.07987
Lc,-73.84655,42.80037
Lc,-73.92661,42.73165
Lc,-72.26448,42.1934
Lc,-96.70542,44.26285
Lc,-73.56115,46.16354
Lc,-113.26868,53.68234
Lc,-63.35648,45.24968
Lc,-73.16675,42.6366
Lc,-74.2029,42.06879
Lc,-86.31097,39.88611
Lc,-73.34484,42.2167
Lc,-88.46722,45.15754
Lc,-93.55705,44.81059
Lc,-85.56044,43.14268
Lc,-96.84192,50.14338
Lc,-87.98648,45.49596
Lc,-88.64669,48.34054
Lc,-84.1547,42.56026
Lc,-84.20664,45.57107
Lc,-85.99351,39.89614
Lc,-83.92069,42.37208
Lc,-81.57262,41.47861
Lc,-78.07121,44.9232
Lc,-94.10345,44.16083
Lc,-114.19518,49.58756
Lc,-79.953,44.7753
Lc,-88.62751,46.56734
Lc,-74.45086,41.91333
Lc,-86.59408,41.85508
Lc,-99.54433,49.88797
Lc,-87.81286,42.22736
Lc,-77.37,41.2
Lc,-82.41964,40.09469
Lc,-73.97824,43.00373
Lc,-69.96549,43.83643
Lc,-114.03442,50.91116
Lc,-84.59467,43.68547
Lc,-86.26757,39.97153
Lc,-89.24889,45.41722
Lc,-90.43398,41.55482
Lc,-112.43886,42.73598
Lc,-75.51426,40.42261
Lc,-113.588,53.65881
Lc,-75.59408,39.93631
Lc,-113.69008,49.02058
Lc,-113.78367,49.13732
Lc,-71.38251,46.7545
Lc,-96.73198,50.23034
Lc,-68.50718,44.40224
Lc,-81.60315,36.63181
Lc,-73.80083,45.25285
Lc,-74.17326,45.29786
Lc,-84.15221,39.66441
Lc,-77.00223,43.89455
Lc,-72.75944,42.61861
Lc,-90.58455,43.70834
Lc,-64.98332,44.96516
Lc,-80.53906,38.34209
Lc,-73.86794,42.47214
Lc,-76.19435,43.69728
Lc,-113.89,49.07616
Lc,-78.45518,44.01082
Lc,-69.97825,47.32996
Lc,-75.91009,41.13764
Lc,-83.34605,41.60313
Lc,-87.82693,42.55798
Lc,-116.48749,51.3954
Lc,-84.35925,39.19578
Lc,-83.0234,42.6035
Lc,-66.3918,48.04684
Lc,-88.69419,41.33784
Lc,-72.62488,46.46874
Lc,-76.99686,41.43407
Lc,-71.24808,46.99748
Lc,-96.61004,51.18932
Lc,-113.46517,53.50764
Lc,-76.8216,44.87541
Lc,-71.73701,44.52725
Lc,-75.69309,41.38962
Lc,-71.95336,43.36803
Lc,-107.33016,51.20792
Lc,-77.31307,44.38954
Lc,-73.2659,42.47757
Lc,-70.77015,46.20557
Lc,-74.40496,41.66596
Lc,-76.25155,43.11729
Lc,-76.42658,40.62207
Lc,-115.24222,54.02863
Lc,-96.86306,50.28562
Lc,-73.88309,40.90008
Lc,-72.11444,45.62421
Lc,-93.1029,44.35534
Lc,-118.20488,49.03666
Lc,-92.47124,42.72551
Lc,-75.41943,40.33767
Lc,-88.36672,41.82851
Lc,-81.27624,41.36976
Lc,-80.64181,43.33135
Lc,-73.99353,45.3657
Lc,-82.03454,41.44739
Lc,-80.2912,37.43471
Lc,-86.57,33.85
Lc,-83.37807,42.49279
Lc,-86.32272,34.67875
Lc,-86.53394,36.10124
Lc,-85.37765,34.96545
Lc,-77.49199,38.8595
Lc,-89.25966,32.20188
Lc,-76.58781,43.92808
Lc,-79.77494,36.23882
Lc,-83.93232,36.24068
Lc,-75.20221,39.98926
Lc,-81.37441,41.65953
Lc,-72.25966,42.46832
Lc,-81.1248,41.54161
Lc,-82.07916,39.48248
Lc,-80.29974,36.15452
Lc,-86.19878,34.38238
Lc,-81.54254,39.86632
Lc,-75.39077,39.95044
Lc,-77.28388,39.26462
Lc,-74.94409,40.32973
Lc,-77.07719,38.58068
Lc,-80.74182,41.07374
Lc,-84.714,35.86882
Lc,-86.44084,41.33741
Lc,-79.4044,42.35477
Lc,-77.93684,39.95049
Lc,-90.36211,40.80881
Lc,-81.8591,40.57838
Lc,-89.97897,38.8159
Lc,-63.29523,46.15357
Lc,-116.55214,48.32015
Lc,-77.23901,38.76653
Lc,-93.58224,47.24884
Lc,-82.10833,40.06468
Lc,-77.1225,39.08718
Lc,-95.48975,39.44972
Lc,-119.46014,49.86399
Lc,-89.32156,41.21491
Lc,-83.88818,43.02214
Lc,-83.52609,42.5683
Lc,-83.26956,42.39558
Lc,-73.00184,42.38152
Lc,-94.15276,45.50554
Lc,-73.0364,41.65465
Lc,-93.19702,44.90024
Lc,-75.20415,40.68792
Lc,-83.6049,42.94754
Lc,-72.54086,42.39356
Lc,-83.33293,42.68697
Lc,-80.42676,40.50479
Lc,-89.76766,42.84524
Lc,-93.36652,44.87855
Lc,-76.58212,42.47554
Lc,-76.34392,42.96869
Lc,-82.9298,42.76532
Lc,-106.73011,51.88506
Lc,-76.19141,44.12363
Lc,-71.46287,43.10796
Lc,-89.08832,38.96371
Lc,-87.96306,41.70595
Lc,-78.05296,41.77766
Lc,-89.49877,42.68728
Lc,-79.22089,42.11825
Lc,-76.72656,42.19183
Lc,-89.08999,40.67114
Lc,-82.95377,35.19603
Lc,-95.87787,50.16047
Lc,-81.45738,41.33547
Lc,-82.64072,41.74672
Lc,-82.10212,41.01626
Lc,-84.54275,36.67328
Lc,-83.56446,43.10402
Lc,-81.57842,41.18931
Lc,-81.44649,41.14524
Lc,-79.85811,40.5867
Lc,-85.38207,42.40646
Lc,-83.28411,42.19241
Lc,-83.51518,42.81569
Lc,-89.43666,48.32564
Lc,-73.51025,41.19756
Lc,-68.77637,47.22583
Lc,-72.32908,42.67406
Lc,-75.1714,40.58337
Lc,-75.64758,45.03485
Lc,-72.91112,41.88935
Lc,-73.3048,44.75169
Lc,-110.03315,50.87188
Lc,-79.94412,44.04106
Lc,-73.45136,41.85321
Lc,-81.6949,41.38405
Lc,-73.64335,41.22124
Lc,-83.54935,40.95307
Lc,-92.06032,46.94932
Lc,-77.79711,40.77531
Lc,-72.13357,44.06813
Lc,-78.36988,44.37534
Lc,-76.77025,41.78849
Lc,-117.1235,49.6018
Lc,-80.69414,37.28016
Lc,-88.84928,38.37685
Lc,-72.36756,43.73522
Lc,-78.32222,44.47835
Lc,-76.12997,41.09534
Lc,-87.83065,42.40544
Lc,-77.96819,42.68329
Lc,-102.27195,49.63998
Lc,-79.68152,43.56582
Lc,-86.97186,45.95143
Lc,-78.54289,42.88589
Lc,-73.21748,42.39007
Lc,-88.61269,43.628
Lc,-81.40032,41.53962
Lc,-77.07618,41.04273
Lc,-80.73547,43.4059
Lc,-84.09154,42.17674
Lc,-76.44172,43.36506
Lc,-78.60294,44.23442
Lc,-81.73026,42.48127
Lc,-87.88579,43.17305
Lc,-73.13496,40.78914
Lc,-83.4168,42.90582
Lc,-104.50021,50.94017
Lc,-75.96761,43.41926
Lc,-96.81869,50.44852
Lc,-96.99617,50.57174
Lc,-80.13571,43.64351
Lc,-67.10611,45.94041
Lc,-88.83064,43.27509
Lc,-116.81914,49.66454
Lc,-97.03656,50.40874
Lc,-70.44813,43.60546
Lc,-72.05556,41.77342
Lc,-81.57325,36.2814
Lc,-88.01312,44.44704
Lc,-87.8864,43.3389
Lc,-114.08245,52.34571
Lc,-79.31366,39.50454
Lc,-100.83822,49.5726
Lc,-88.03661,42.92378
Lc,-70.59976,43.40445
Lc,-73.13245,44.30955
Lc,-73.17431,43.91787
Lc,-92.30412,46.67669
Lc,-88.17811,43.60453
Lc,-91.55143,47.95197
Lc,-85.40717,42.808
Lc,-79.788,38.27204
Lc,-69.25666,44.5899
Lc,-72.79011,44.32348
Lc,-73.40189,44.2263
Lc,-78.60061,44.4588
Lc,-71.59677,42.60388
Lc,-65.01712,45.5534
Lc,-85.66882,39.50301
Lc,-77.69508,43.99262
Lc,-96.19394,50.3978
Lc,-80.77792,43.13046
Lc,-72.45059,43.2868
Lc,-81.21004,41.61796
Lc,-79.36889,42.47592
Lc,-100.81318,49.76048
Lc,-71.75457,44.22925
Lc,-73.80964,42.66477
Lc,-103.9274,42.76717
Lc,-102.45691,49.71284
Lc,-104.95261,39.2136
Lc,-105.16854,40.63741
Lc,-75.82598,44.49381
Lc,-78.51175,44.56389
Lc,-81.02191,43.24381
Lc,-81.47722,42.88222
Lc,-80.05914,43.86043
Lc,-79.9869,43.61682
Lc,-80.45682,42.69844
Lc,-81.78111,42.72972
Lc,-77.21377,44.49705
Lc,-79.469,43.6335
Lc,-74.62821,45.60729
Lc,-80.65688,43.18615
Lc,-78.84992,44.62092
Lc,-72.48808,45.88755
Lc,-71.30805,46.83595
Lc,-96.39792,41.2373
Lc,-100.61523,49.73273
Lc,-71.76915,48.51232
Lc,-98.57802,49.35895
Lc,-105.21783,39.60524
Lc,-82.60025,43.07789
Lc,-122.22322,45.54944
Lc,-83.37248,40.2428
Lc,-72.7889,44.21731
Lc,-76.40392,44.60604
Lc,-73.97399,41.3969
Lc,-90.06481,38.56746
Lc,-76.45633,42.46478
Lc,-83.06896,40.35299
Lc,-83.09263,40.02844
Lc,-73.82688,41.21126
Lc,-70.09931,43.83275
Lc,-76.67803,42.37071
Lc,-73.2576,41.46601
Lc,-87.90318,42.14179
Lc,-79.64504,38.10796
Lc,-83.78304,41.44569
Lc,-87.58058,41.78646
Lc,-72.6845,41.60022
Lc,-72.21552,44.41102
Lc,-76.08987,45.43688
Lc,-72.4072,44.30494
Lc,-100.26068,47.40522
Lc,-84.70924,45.45713
Lc,-92.3618,44.68741
Lc,-74.88915,41.13699
Lc,-79.44091,37.92582
Lc,-73.17484,43.27669
Lc,-71.33015,42.5148
Lc,-85.33211,40.99941
Lc,-84.31998,40.74883
Lc,-74.58536,42.29585
Lc,-78.45858,44.47921
Lc,-78.02095,42.58591
Lc,-76.48153,43.10781
Lc,-96.78519,46.85112
Lc,-77.78339,43.08996
Lc,-100.05263,51.1569
Lc,-75.68626,42.52163
Lc,-74.95705,44.28941
Lc,-74.14441,42.51459
Lc,-87.26539,46.05288
Lc,-73.06022,44.16874
Lc,-75.83202,42.17113
Lc,-72.91253,44.34636
Lc,-89.20878,42.43332
Lc,-65.95682,45.38363
Lc,-72.67931,42.27593
Lc,-111.29996,54.47627
Lc,-83.80779,42.33331
Lc,-112.85973,52.62667
Lc,-87.59479,41.49414
Lc,-72.49752,45.22707
Lc,-77.51744,41.44148
Lc,-114.03445,47.88076
Lc,-66.13184,45.89565
Lc,-66.1811,45.99942
Lc,-66.00643,45.82784
Lc,-88.5176,47.10285
Lc,-71.60655,45.04225
Lc,-71.3242,42.74218
Lc,-72.39434,44.95836
Lc,-113.2769,53.4683
Lc,-73.83717,41.45291
Lc,-65.50367,45.72074
Lc,-75.1855,41.31601
Lc,-111.99619,54.11268
Lc,-74.283,43.4024
Lc,-75.21721,43.76945
Lc,-76.01441,42.09889
Lc,-88.42973,40.1846
Lc,-87.82735,42.76484
Lc,-66.82168,45.96625
Lc,-82.33696,42.76602
Lc,-75.22005,43.32322
Lc,-91.87597,49.97208
Lc,-102.45063,51.50505
Lc,-77.2344,43.90543
Lc,-81.85262,42.31205
Lc,-79.3213,43.70259
Lc,-79.49218,47.42575
Lc,-73.39911,45.43787
Lc,-63.12672,44.7519
Lc,-95.50436,46.52135
Lc,-91.61545,47.08022
Lc,-72.34829,43.5934
Lc,-114.09771,49.40929
Lc,-87.82543,45.4577
Lc,-120.87381,50.75322
Lc,-69.66075,44.01739
Lc,-115.73872,49.77554
Lc,-117.47361,47.68833
Lc,-75.66394,43.75694
Lc,-88.04125,43.08061
Lc,-83.81703,42.17294
Lc,-83.07364,40.52717
Lc,-72.81452,42.85199
Lc,-88.71932,42.09208
Lc,-81.45583,45.13437
Lc,-96.12377,41.22951
Lc,-113.64424,53.44153
Lc,-66.00996,45.56245
Lc,-113.31552,52.59014
Lc,-75.24784,40.96013
Lc,-80.54384,38.01985
Lc,-81.7324,43.1453
Lc,-71.62114,42.09092
Lc,-70.93142,42.42012
Lc,-71.50764,43.94558
Lc,-89.54813,46.83337
Lc,-76.10299,44.33073
Lc,-78.90018,42.88319
Lc,-79.67589,43.6913
Lc,-113.33003,53.83674
Lc,-92.99682,48.37978
Lc,-74.50108,40.95139
Lc,-73.69718,42.21716
Lc,-76.46976,44.24964
Lc,-84.61608,45.34327
Lc,-87.78431,40.2427
Lc,-86.71855,41.80667
Lc,-81.35226,41.08252
Lc,-90.30699,38.79092
Lc,-79.6967,43.1919
Lc,-80.97217,41.63584
Lc,-81.0799,41.78534
Lc,-77.5107,37.22201
Lc,-81.50153,43.01774
Lc,-74.88054,45.01622
Lc,-85.48439,34.85988
Lc,-92.58241,38.05469
Lc,-79.15617,36.13305
Lc,-79.70335,41.17854
Lc,-80.46081,36.33277
Lc,-80.5136,35.23013
Lc,-86.36906,39.77038
Lc,-81.3554,41.22282
Lc,-77.79081,38.78921
Lc,-80.43822,43.40555
Lc,-88.21092,40.1274
Lc,-87.98335,38.22789
Lc,-81.80268,41.29363
Lc,-79.81459,39.03757
Lc,-94.30644,46.42722
Lc,-84.13804,34.24313
Lc,-99.39195,50.79306
Lc,-85.81625,33.46489
Lc,-79.49966,40.71369
Lc,-83.20588,42.00829
Lc,-74.96683,40.23105
Lc,-73.09029,43.98872
Lc,-93.64739,48.67071
Lc,-75.47641,45.37431
Lc,-72.25036,44.24749
Lc,-84.19914,42.10129
Lc,-80.46114,40.86659
Lc,-84.82199,36.5261
Lc,-83.55703,40.84722
Lc,-94.78578,35.18649
Lc,-77.36642,38.99093
Lc,-89.81939,43.99927
Lc,-78.17754,44.5548
Lc,-96.45966,48.07641
Lc,-83.14896,42.80027
Lc,-88.46787,42.93476
Lc,-71.47028,46.07806
Lc,-79.61056,38.38618
Lc,-87.34323,45.43837
Lc,-97.51205,50.60881
Lc,-72.93997,44.90249
Lc,-75.41428,44.89233
Lc,-93.43747,48.5933
Lc,-81.44041,42.77093
Lc,-79.93537,44.59432
Lc,-84.84447,43.58133
Lc,-73.20934,43.80854
Lc,-82.07767,46.11307
Lc,-74.69823,40.72741
Lc,-89.39415,43.68771
Lc,-73.05417,44.46159
Lc,-93.44778,42.1665
Lc,-80.50537,42.80131
Lc,-79.11617,42.60325
Lc,-77.45943,42.70444
Lc,-92.18785,47.03731
Lc,-72.40508,43.39063
Lc,-69.76101,44.33838
Lc,-79.46433,42.21133
Lc,-88.52244,44.69899
Lc,-82.34158,40.91358
Lc,-81.229,41.22457
Lc,-73.10658,42.9146
Lc,-81.18722,42.9725
Lc,-83.47979,42.28641
Lc,-91.74829,47.95052
Lc,-81.57069,40.82512
Lc,-106.7225,53.27694
Lc,-87.02415,46.51342
Lc,-74.18543,43.228
Lc,-84.38383,46.71956
Lc,-84.01012,39.74032
Lc,-81.44072,43.61448
Lc,-84.00022,42.47109
Lc,-89.63952,43.41652
Lc,-79.857,41.59609
Lc,-69.58311,44.3976
Lc,-87.94175,45.75918
Lc,-92.08298,46.83856
Lc,-75.30024,44.596
Lc,-73.42364,43.1642
Lc,-66.71306,46.02944
Lc,-83.63464,41.94434
Lc,-96.54174,43.55427
Lc,-103.46912,43.96944
Lc,-81.44578,43.35843
Lc,-94.48055,49.82193
Lc,-79.00995,44.63438
Lc,-87.60517,45.39157
Lc,-74.42554,41.19108
Lc,-85.42359,43.68219
Lc,-88.13683,44.52739
Lc,-82.62277,40.70933
Lc,-89.67181,43.12193
Lc,-87.66204,44.28221
Lc,-82.22096,39.64426
Lc,-83.61819,40.56695
Lc,-77.06075,38.89477
Lc,-66.95328,46.01035
Lc,-77.37212,38.78024
Lc,-82.41101,40.80662
Lc,-85.61682,38.9618
Lc,-80.61778,41.57046
Lc,-74.62979,40.55004
Lc,-74.32685,41.93582
Lc,-74.34995,40.61602
Lc,-77.60896,42.97085
Lc,-113.38201,46.99995
Lc,-80.07545,43.40821
Lc,-77.42434,42.96525
Lc,-93.16557,48.58449
Lc,-92.45559,44.02899
Lc,-62.03415,45.63588
Lc,-78.94293,43.89754
Lc,-117.34992,48.97356
Lc,-82.43759,38.45241
Lc,-74.08254,45.56044
Lc,-92.4015,42.51724
Lc,-72.40651,42.25456
Lc,-71.91365,45.40894
Lc,-73.38994,45.0396
Lc,-78.68472,40.43161
Lc,-83.40881,42.08546
Lc,-82.36346,35.79408
Lc,-117.30931,48.5493
Lc,-82.51844,41.96277
Lc,-84.20277,36.04833
Lc,-82.67966,36.49474
Lc,-85.224,35.2235
Lc,-73.37778,43.02941
Lc,-95.31603,46.32599
Lc,-80.36822,43.30865
Lc,-103.89937,50.79253
Lc,-87.72721,45.83282
Lc,-81.9679,40.41666
Lc,-72.36669,43.91949
Lc,-84.42082,45.6461
Lc,-74.98597,41.67206
Lc,-81.31278,44.35222
Lc,-72.59377,43.84828
Lc,-70.23021,44.08377
Lc,-79.61204,44.56345
Lc,-89.42454,45.62736
Lc,-76.05687,44.53708
Lc,-79.49361,39.87139
Lc,-94.59364,49.58004
Lc,-79.29401,38.302
Lc,-64.78818,45.6175
Lc,-90.03028,43.67337
Lc,-89.902,43.91948
Lc,-71.14441,42.37065
Lc,-74.61855,41.43764
Lc,-78.89296,38.06076
Lc,-74.65445,39.6449
Lc,-75.70408,41.55341
Lc,-73.42281,44.56858
Lc,-72.47247,42.64423
Lc,-80.40376,43.96326
Lc,-60.34329,46.13067
Lc,-85.96381,42.68805
Lc,-72.06185,43.8625
Lc,-110.02309,34.24171
Lc,-89.01971,41.28127
Lc,-67.58043,46.14639
Lc,-80.23021,44.26707
Lc,-74.16257,43.03302
Lc,-103.85937,44.49082
Lc,-79.12512,39.75912
Lc,-75.30364,45.25468
Lc,-114.11861,51.11172
Lc,-74.46572,40.71079
Lc,-91.32757,46.759
Lc,-76.32592,45.43598
Lc,-77.51475,37.54761
Lc,-92.44107,45.62737
Lc,-84.21604,33.68319
Lc,-93.32114,35.50863
Lc,-88.90716,45.17393
Lc,-89.81061,43.23819
Lc,-79.09793,44.50686
Lc,-90.83306,41.43555
Lc,-85.35044,33.92584
Lc,-90.47278,36.49972
Lc,-75.61659,39.78733
Lc,-76.79385,38.88476
Lc,-80.10767,35.82803
Lc,-85.30248,35.84356
Lc,-86.2061,39.81632
Lc,-82.83121,42.17327
Lc,-72.09941,44.23939
Lc,-78.266,39.58274
Lc,-87.9751,42.25727
Lc,-93.15246,44.46705
Lc,-73.61433,43.38347
Lc,-79.80119,39.50524
Lc,-89.19015,44.00263
Lc,-79.99313,43.52518
Lc,-109.49169,49.64179
Lc,-78.13482,44.64065
Lc,-103.70729,52.5418
Lc,-82.13776,36.09755
Lc,-74.44422,43.47546
Lc,-95.25615,51.33023
Lc,-72.55414,44.23723
Lc,-71.64598,43.11203
Lc,-65.76959,45.28886
Lc,-74.90942,40.07699
Lc,-91.1677,44.7404
Lc,-81.2299,41.72145
Lc,-94.35801,45.47262
Lc,-82.20656,35.72805
Lc,-79.18089,43.82631
Lc,-73.65083,42.79667
Lc,-86.077,42.63803
Lc,-84.07142,38.99789
Lc,-80.0833,41.69453
Lc,-78.2856,41.99334
Lc,-74.91676,41.23776
Lc,-83.19171,41.62734
Lc,-80.10922,40.34388
Lc,-77.52202,37.40204
Lc,-81.14165,41.13163
Lc,-74.69549,40.47251
Lc,-79.42086,40.85269
Lc,-76.25401,42.56331
Lc,-73.55409,45.45725
Lc,-93.24194,44.28229
Lc,-74.58046,41.18445
Lc,-72.35451,42.52637
Lc,-79.5284,40.559
Lc,-78.78898,41.54265
Lc,-71.74354,44.77059
Lc,-77.40231,41.29098
Lc,-69.63079,44.53973
Lc,-92.12717,46.52176
Lc,-69.57648,44.62622
Lc,-80.32801,44.50441
Lc,-78.33533,44.18362
Lc,-82.89067,35.32733
Lc,-91.22644,47.34142
Lc,-75.79834,45.3738
Lc,-91.13933,41.66447
Lc,-72.51518,44.46325
Lc,-79.71748,40.08786
Lc,-65.54899,47.0214
Lc,-77.7563,40.65015
Lc,-69.9203,43.9214
Lc,-78.90213,42.60875
Lc,-91.71203,46.41814
Lc,-86.77062,33.18458
Lc,-77.1061,39.20066
Lc,-77.44973,39.6386
Lc,-88.29229,41.72384
Lc,-77.91791,41.03488
Lc,-87.91556,40.57727
Lc,-72.52586,41.69754
Lc,-87.73991,35.70432
Lc,-78.55734,36.18465
Lc,-97.56061,49.75125
Lc,-77.22586,39.81091
Lc,-79.93389,35.8975
Lc,-81.18686,35.82201
Lc,-78.95758,36.1711
Lc,-77.3197,39.16516
Lc,-72.92272,41.4709
Lc,-81.58687,41.29238
Lc,-102.30934,49.83509
Lc,-78.37541,42.67731
Lc,-72.79737,43.67174
Lc,-91.29398,47.25982
Lc,-80.01534,44.51542
Lc,-72.6863,44.47281
Lc,-74.41933,40.47823
Lc,-91.46852,47.14209
Lc,-93.3277,44.97377
Lc,-80.61493,43.46542
Lc,-78.53268,44.33898
Lc,-80.55611,41.13972
Lc,-73.57306,41.67572
Lc,-86.84776,41.6206
Lc,-78.982,44.1329
Lc,-87.0808,36.07769
Lc,-76.27813,42.10853
Lc,-79.92488,44.37156
Lc,-83.8305,42.46097
Lc,-93.64371,35.16625
Lc,-73.44502,45.64591
Lc,-73.20258,42.72385
Lc,-90.44128,45.28651
Lc,-89.54029,40.70218
Lc,-75.48486,45.01662
Lc,-84.48279,45.3497
Lc,-80.65518,41.89049
Lc,-82.2127,41.12364
Lc,-91.80201,40.1809
Lc,-72.52522,42.98604
Lc,-87.1752,36.26241
Lc,-79.79903,43.32552
Lc,-83.92847,35.93898
Lc,-73.02782,43.48985
Lc,-89.76066,39.7567
Lc,-91.67049,47.31994
Lc,-113.28547,52.03032
Lc,-112.56046,52.18959
Lc,-72.98857,43.31159
Lc,-79.38264,46.37868
Lc,-79.8696,44.87273
Lc,-85.63608,42.90662
Lc,-72.544,41.2546
Lc,-94.9209,36.86077
Lc,-73.71777,43.08272
Lc,-109.34268,52.97478
Lc,-112.02513,53.54137
Lc,-88.0032,42.03944
Lc,-82.23065,35.45716
Lc,-80.36184,42.01033
Lc,-73.00809,44.54886
Lc,-75.15827,41.21932
Lc,-80.8065,41.66841
Lc,-84.60845,33.3806
Lc,-82.35053,40.69536
Lc,-73.96828,40.77763
Lc,-72.3667,43.50057
Lc,-72.69639,43.47783
Lc,-80.0839,44.4314
Lc,-73.26844,44.96878
Lc,-70.24428,43.70565
Lc,-72.19534,43.64505
Lc,-77.2257,38.6492
Lc,-79.5109,33.19
Lc,-71.05762,46.59464
Lc,-79.2316,48.49048
Lc,-75.01042,41.11256
Lc,-97.56242,50.86544
Lc,-64.48391,46.19652
Lc,-76.64539,41.85569
Lc,-71.28374,44.26108
Lc,-97.64383,51.13867
Lc,-79.02376,43.0463
Lc,-86.06318,41.66539
Lc,-90.78,46.6306
Lc,-114.14707,53.59764
Lc,-96.32797,49.43736
Lc,-93.06124,48.48016
Lc,-79.5695,44.41714
Lc,-108.76102,49.61262
Lc,-79.90029,40.4404
Lc,-101.29433,50.39633
Lc,-87.4177,35.06275
Lc,-72.57436,44.32936
Lc,-82.06,41.10367
Lc,-82.75623,40.35816
Lc,-81.856,41.17956
Lc,-81.24935,41.49835
Lc,-90.9933,38.5956
Lc,-90.2606,38.9053
Lc,-73.0653,43.62002
Lc,-79.84104,44.73009
Lc,-80.4705,43.505
Lc,-94.08015,48.91473
Lc,-104.95219,38.11231
Lc,-103.3274,51.74925
Lc,-79.65167,44.74346
Lc,-78.29597,43.96359
Lc,-73.08517,44.674
Lc,-73.46023,45.54635
Lc,-72.676,46.36611
Lc,-106.38347,49.31789
Lc,-105.3554,35.77328
Lc,-75.74494,42.02171
Lc,-79.3295,39.8707
Lc,-84.7613,43.086
Lc,-117.55109,49.01157
Lc,-81.51867,41.01633
Lc,-76.55712,37.47204
Lc,-88.12473,35.74417
Lc,-99.80864,50.70297
Lc,-78.8993,44.51643
Lc,-77.00444,40.42639
Lc,-83.9433,41.9759
Lc,-90.32527,46.60663
Lc,-100.33333,49
Lc,-92.30528,47.36917
Lc,-73.15,45.55
Lc,-78.68167,44.11469
Lc,-91.785,47.81694
Lc,-72.40622,46.357
Lc,-69.28014,47.73481
Lc,-114.843,53.68662
Lc,-93.72859,48.76834
Lc,-76.88361,39.53044
Lc,-104.55937,39.0354
Lc,-94.28673,46.21557
Lc,-71.55472,46.74611
Lc,-103.90812,44.36897
Lc,-84.76026,42.0894
Lc,-82.13228,38.8383
Lc,-79.46666,39.76399
Lc,-71.40803,43.74956
Lc,-114.37287,53.94938
Lc,-92.73608,44.66823
Lc,-93.93559,48.2131
Lc,-81.69146,36.20924
Lc,-104.84281,38.96287
Lc,-79.16864,41.83185
Lc,-111.5,53.05
Lc,-111.36412,34.47196
Lc,-121.755,49.28
Lc,-103.46556,44.23708
Lc,-73.89933,45.43331
Lc,-104.3024,44.583
Lc,-65.50892,46.36051
Lc,-88.8774,32.26815
Lc,-81.3979,36.3761
Lc,-80.5092,36.6808
Lc,-79.42682,36.13678
Lc,-112.27139,54.13584
Lc,-79.9294,43.85483
Lc,-96.71889,49.07417
Lc,-71.10444,42.4575
Lc,-78.85492,40.62569
Lc,-105.30164,39.98218
Lc,-114.5398,53.26943
Lc,-93.09157,45.36278
Lc,-103.7168,45.3712
Lc,-103.91799,44.26439
Lc,-104.09558,44.4139
Lc,-83.2147,38.5686
Lc,-96.57722,38.49583
Lc,-72.9118,43.58773
Lc,-88.64673,46.74272
Lc,-94.80862,46.52384
Lc,-79.17803,40.7101
Lc,-91.88089,42.77904
Lc,-91.70649,48.14378
Lc,-79.12564,40.9007
Lc,-91.43802,47.65354
Lc,-76.69389,38.9515
Lc,-92.53096,42.6295
Lc,-79.42306,38.85806
Lc,-80.31667,41.63333
Lc,-86.55361,31.63222
Lc,-76,42
Lc,-90.86888,44.23444
Lc,-80.42396,41.675
Lc,-102.91198,43.67415
Lc,-94.295,37.82611
Lc,-109.59506,34.04361
Lc,-87.12972,33.61305
Lc,-90.12777,38.03277
Lc,-86.6475,32.22583
Lc,-119.58855,49.2466
Lc,-91.65185,47.72609
Lc,-79.83333,41.81667
Lc,-113.53333,53.26667
Lc,-79.88333,42
Lc,-80.51889,39.93861
Lc,-78.44111,41.86056
Lc,-80.0361,38.7618
Lc,-86.34583,31.87472
Lc,-96.79361,39.10333
Lc,-72.50388,41.79527
Lc,-73.55181,41.44931
Lc,-116.634,49.127
Lc,-89.78194,45.11972
Lc,-84.38333,42.7
Lc,-73.32833,41.69027
Lc,-122,49.2
Lc,-95.17331,37.46457
Lc,-63.44143,44.99172
Lc,-85.85889,44.28278
Lc,-95.43833,40.18278
Lc,-94.3667,45.9667
Lc,-105.33,40.865
Lc,-69.34361,44.75083
Lc,-67.34556,45.12194
Lc,-91.50027,38.87027
Lc,-80.43579,41.10472
Lc,-72.65083,42.09861
Lc,-74.5133,41.5386
Lc,-92.08944,40.33944
Lc,-81.08157,34.00916
Lc,-105.1829,39.70179
Lc,-105.02441,39.3517
Lc,-92.39997,44.5352
Lc,-79.60879,40.04433
Lc,-79.41074,40.01774
Lc,-65.90107,43.92137
Lc,-75.18694,45.62972
Lc,-111.68972,42.13667
Lc,-95.96367,45.54982
Lc,-93.91908,44.33385
Lc,-80.94694,33.83861
Lc,-86.58111,33.98555
Lc,-94.71106,49.37722
Lc,-80.6175,41.01389
Lc,-113.83333,52.25
Lc,-73.47833,41.75472
Lc,-112.78333,53.48333
Lc,-80.31445,41.05472
Lc,-79.58111,42.24333
Lc,-103.68464,44.11844
Lc,-72.82083,41.72194
Lc,-84.22573,41.73211
Lc,-78.43837,40.01034
Lc,-72.41277,41.96111
Lc,-92.47559,41.94408
Lc,-91.17,37.18
Lc,-93.22327,46.75972
Lc,-79.16139,40.16167
Lc,-92.22859,42.80601
Lc,-81.12921,36.49156
Lc,-71.10083,46.88806
Lc,-112.63903,51.91812
Lc,-94.97488,38.91871
Lc,-95.8332,51.33291
Lc,-83.70704,42.27936
Lc,-72.94694,42.97639
Lc,-78.33333,39.71667
Lc,-95.09,48.7504
Lc,-94.4581,48.97953
Lc,-94.6859,38.4983
Lc,-92.76722,37.97472
Lc,-98.05,50.10833
Lc,-92.35055,37.62666
Lc,-105.2117,39.88189
Lc,-74.55,44.13833
Lc,-73.22611,43.68111
Lc,-80.03333,39.78333
Lc,-78.23333,40.01667
Lc,-74.73083,44.0175
Lc,-78.15,40.6
Lc,-74.88203,45.65731
Lc,-103.88,44.12
Lc,-78.56,41.24
Lc,-95.68822,38.58332
Lc,-85.34664,42.29368
Lc,-96.07972,47.60944
Lc,-80.28139,40.5025
Lc,-80.14639,41.05278
Lc,-79.80222,41.69889
Lc,-71.98333,45.58333
Lc,-85.63255,46.67805
Lc,-84.1694,41.10765
Lc,-79.10033,40.04301
Lc,-94.51167,48.17222
Lc,-95.70111,44.11111
Lc,-79.5625,41.99444
Lc,-79.51667,41.15
Lc,-72.17416,42.01416
Lc,-72.34166,41.47611
Lc,-72.85888,41.38166
Lc,-88.4333,41.5833
Lc,-93.83028,40.25694
Lc,-91.66731,46.68438
Lc,-71.78333,45.32778
Lc,-92.37317,46.13496
Lc,-94.33417,44.57917
Lc,-95.87167,45.99056
Lc,-78.83333,41.38333
Lc,-80.57742,40.91728
Lc,-79.07444,40.37139
Lc,-89.79041,45.29662
Lc,-79.24346,41.30964
Lc,-80.06561,40.46562
Lc,-88.53358,40.99354
Lc,-96.83356,51.16657
Lc,-96.59799,50.43046
Lc,-84.98144,44.66236
Lc,-95.02333,44.09167
Lc,-94.11861,43.65972
Lc,-79.33361,41.72302
Lc,-79.40318,41.60294
Lc,-74.49666,40.81444
Lc,-95.29778,44.65639
Lc,-96.06289,48.75362
Lc,-96.57027,48.36028
Lc,-94.39922,47.25962
Lc,-79.29444,40.075
Lc,-80.1,39.93333
Lc,-96.275,48.40972
Lc,-79.22252,41.58126
Lc,-79.17306,40.30361
Lc,-105.4949,38.06698
Lc,-79.48194,40.37917
Lc,-87.48,35.52
Lc,-93.50434,46.34117
Lc,-92.2986,43.62366
Lc,-93.57694,46.44444
Lc,-79,39.91667
Lc,-103.5587,44.1364
Lc,-103.1871,42.6239
Lc,-72.33944,41.78444
Lc,-91.2,37.83333
Lc,-93.11889,47.98667
Lc,-107.21531,40.51437
Lc,-72.87444,43.17149
Lc,-73.05374,43.201
Lc,-78.45,40.25
Lc,-91.80263,44.1662
Lc,-95.46111,44.66306
Lc,-79.43697,39.59587
Lc,-89.25,38.75
Lc,-88.63826,46.08412
Lc,-84.65117,43.37591
Lc,-84.0776,43.35359
Lc,-88.58553,46.19604
Lc,-83.57296,43.3733
Lc,-79.75833,40.63872
Lc,-74.16844,40.59521
Lc,-93.30222,36.66556
Lc,-122.95,49.17
Lc,-84.97094,41.84738
Lc,-92.87805,44.04055
Lc,-96.41139,47.86666
Lc,-89.18651,45.23357
Lc,-95.26161,37.56811
Lc,-87.44334,34.33916
Lc,-90.31666,37.88638
Lc,-99.67725,49.76322
Lc,-85,44
Lc,-84.36944,43.56781
Lc,-76.61667,45.71667
Lc,-60.23333,45.96667
Lc,-84.36576,41.88754
Lc,-84.49851,43.5751
Lc,-84.82247,42.31251
Lc,-93.08667,43.71556
Lc,-92.81362,44.76881
Lc,-80.77775,39.59731
Lc,-70.78333,46.97083
Lc,-75.16667,45.28333
Lc,-85.65405,44.18254
Lc,-104.71442,39.00943
Lc,-93.05,48.78333
Lc,-122.78,49.23
Lc,-83.71605,44.44559
Lc,-93.70278,43.60611
Lc,-76.37732,39.98346
Lc,-72.67,41.70111
Lc,-67.69167,46.84667
Lc,-96.09879,47.26035
Lc,-104.3625,37.0017
Lc,-96.58472,46.26131
Lc,-74.4,45.4
Lc,-85.763,42.926
Lc,-72.26138,41.88527
Lc,-96.1502,50.73291
Lc,-95.68318,50.31691
Lc,-83.30243,44.78833
Lc,-93.33639,44.72778
Lc,-92.76548,45.27376
Lc,-70.657,46.1
Lc,-95.15242,39.136
Lc,-92.99361,44.98389
Lc,-98.23322,49.19619
Lc,-83.90687,45.06413
Lc,-96.28599,50.9922
Lc,-95.50011,45.66515
Lc,-93.79389,45.5075
Lc,-92.62556,43.89472
Lc,-80.14319,42.13318
Lc,-75.41667,44.8
Lc,-116.5146,47.81067
Lc,-92.55889,44.50694
Lc,-67.48333,45.26667
Lc,-79.5,47.33333
Lc,-83.45448,44.9971
Lc,-95.71049,47.33143
Lc,-92.68238,44.56481
Lc,-89.51927,37.63276
Lc,-79.16139,48.66139
Lc,-119.46667,50.88333
Lc,-79.28004,39.3401
Lc,-100.5,51.13333
Lc,-79.2,44.28333
Lc,-119.65334,46.64311
Lc,-87.70313,45.15684
Lc,-80.0022,41.01147
Lc,-95.25016,49.7499
Lc,-67.13333,45.36667
Lc,-104.0622,44.2687
Lc,-89.72693,47.99802
Lc,-94.38694,37.93139
Lc,-91.3525,39.57527
Lc,-92.71424,48.47745
Lc,-95.21304,38.78304
Lc,-93.20555,40.30527
Lc,-76.50833,45.51111
Lc,-79.64444,44.01944
Lc,-95.98357,43.57994
Lc,-96.57277,48.69574
Lc,-83.9,43.66667
Lc,-96.26172,44.24108
Lc,-95.70458,44.26109
Lc,-95.44081,44.30478
Lc,-86.69083,32.35361
Lc,-73.72421,45.12777
Lc,-73.225,45.67
Lc,-93.01054,44.26201
Lc,-92.51904,43.53658
Lc,-91.91724,44.23311
Lc,-95.74801,45.81066
Lc,-91.38242,43.6231
Lc,-92.04933,44.04204
Lc,-95.99677,45.11024
Lc,-95.24502,45.43426
Lc,-77.5786,41.7134
Lc,-103.4683,43.6837
Lc,-98.83333,51.96667
Lc,-73.35777,41.14138
Lc,-99.01667,52.85
Lc,-104.64358,36.88711
Lc,-94.99442,47.247
Lc,-72.75,46.16111
Lc,-92.49927,43.79764
Lc,-103.98133,44.46726
Lc,-84.52222,42.96638
Lc,-79.2,43.73333
Lc,-86.31678,41.96185
Lc,-93.11615,44.05916
Lc,-93.81718,45.11577
Lc,-61.54541,45.50901
Lc,-72.77944,41.98444
Lc,-73.32916,41.84361
Lc,-72.24167,45.31194
Lc,-72.55,45.97
Lc,-71.73111,45.46611
Lc,-95.75719,50.40191
Lc,-75.55,44.7
Lc,-108.30391,35.24201
Lc,-79.38333,40.1625
Lc,-73.7739,41.0469
Lc,-79.26736,40.24327
Lc,-79.00253,40.44846
Lc,-78.62655,40.04897
Lc,-67.87529,45.10143
Lc,-73.44611,41.58916
Lc,-92.87924,43.73963
Lc,-85.4,32.6
Lc,-83.65422,41.85355
Lc,-72.04167,46.59167
Lc,-73.06667,46.11667
Lc,-71.85833,46.66111
Lc,-89.6,48.2
Lc,-92.4775,45.99063
Lc,-93.81951,45.31652
Lc,-94.90224,46.89921
Lc,-92.85662,46.03301
Lc,-96.4734,46.85495
Lc,-72.99552,45.29173
Lc,-70.965,46.337
Lc,-70.892,46.156
Lc,-72.22562,46.23362
Lc,-95.4977,46.98389
Lc,-93.84083,36.59111
Lc,-85.49583,33.26805
Lc,-95.2947,38.14047
Lc,-71.27183,46.7024
Lc,-100.68336,51.56689
Lc,-99.73,50.6083
Lc,-94.46904,47.49162
Lc,-94.99097,47.3681
Lc,-94.94928,48.98119
Lc,-96.41736,47.05671
Lc,-95.18108,48.60531
Lc,-95.04803,48.38794
Lc,-93.65459,44.69152
Lc,-95.08154,49.33073
Lc,-96.81396,47.72417
Lc,-96.31032,47.51564
Lc,-108.38721,40.45343
Lc,-78.3178,40.62108
Lc,-113.6305,52.55219
Lc,-83.71667,43.6
Lc,-99.98667,50.70167
Lc,-107.22621,44.92987
Lc,-106.94244,44.58124
Lc,-100.73,50.93
Lc,-93.9262,45.38476
Lc,-96.41669,47.71677
Lc,-93.55625,45.29348
Lc,-95.1653,46.83989
Lc,-122.1,49.1
Lc,-72.6169,45.4297
Lc,-72.46111,41.45305
Lc,-100.06698,49.03322
Lc,-89.58333,48.36667
Lc,-94.06103,45.40479
Lc,-105.07472,39.43998
Lc,-100.25,50.75
Lc,-88.45,48.85
Lc,-93.41697,47.17418
Lc,-94.19892,45.86753
Lc,-71.838,45.956
Lc,-95.93352,50.36657
Lc,-93.1364,47.82811
Lc,-94.30299,46.10628
Lc,-79.48333,44.13333
Lc,-119,49
Lc,-79,40.15
Lc,-81.34968,39.80172
Lc,-91.92984,47.46683
Lc,-88.59051,43.52396
Lc,-92.06114,47.51157
Lc,-92.54138,46.41074
Lc,-72.09023,45.753
Lc,-93.05775,42.43407
Lc,-95.89181,39.63504
Lc,-73.77417,45.37139
Lc,-68.88055,45.00111
Lc,-96.01319,38.3413
Lc,-114.75,52.75
Lc,-91.25009,43.76879
Lc,-91.26498,43.57556
Lc,-103.86034,44.66873
Lc,-72.50611,41.56805
Lc,-100.59946,51.43989
Lc,-76.26389,44.21111
Lc,-86.14357,44.67237
Lc,-77.2667,38.9409
Lc,-73.30305,41.55194
Lc,-72.05888,41.47333
Lc,-90.147,40.935
Lc,-90.06,40.48
Lc,-78.85,44
Lc,-85.84748,44.59254
Lc,-78.91747,36.62245
Lc,-78.51697,43.37211
Lc,-82.50902,41.29751
Lc,-95.64444,50.92583
Lc,-97.2413,49.85107
Lc,-92.875,37.83333
Lc,-94.99815,38.59968
Lc,-95.61356,45.36173
Lc,-93.75806,41.35194
Lc,-91.80083,39.50666
Lc,-119.26667,50.71667
Lc,-84.89152,44.33683
Lc,-86.12657,46.03425
Lc,-73.19622,41.98015
Lc,-84.08111,44.70319
Lc,-72.205,46.5
Lc,-95.80504,39.20806
Lc,-88.21562,41.34725
Lc,-71.12453,46.75419
Lc,-72.61667,46.21667
Lc,-95.24456,47.24601
Lc,-69.66573,44.75535
Lc,-68.91517,44.65838
Lc,-79.69701,39.36728
Lc,-88.64987,42.92235
Lc,-86.8053,33.3759
Lc,-100.29347,45.31527
Lc,-70.54306,47.05944
Lc,-94.30491,44.72505
Lc,-102.89709,47.48049
Lc,-71.92441,44.70798
Lc,-72.00756,44.54516
Lc,-73.79766,44.33564
Lc,-103.51364,43.82449
Lc,-72.83555,41.55361
Lc,-79.31667,44.78333
Lc,-102.34348,47.62435
Lc,-100.53529,45.65335
Lc,-95.71903,39.29446
Lc,-121.26489,48.6726
Lc,-95.08996,37.05904
Lc,-95.39972,37.99694
Lc,-87.75756,35.11283
Lc,-70.82705,48.42668
Lc,-97.15844,44.93012
Lc,-78.23529,41.55492
Lc,-78.37596,41.48165
Lc,-76.31748,39.81224
Lc,-70.48333,47.15
Lc,-110.94545,34.33715
Lc,-103.60595,43.98542
Lc,-79.64755,41.28955
